English,Chinese
abandon,放弃
ability,能力
able,有能力的
abortion,流产
about,关于
above,以上
abroad,国外
absence,缺席
absolute,绝对
absolutely,绝对地
absorb,吸收
abuse,虐待
academic,学术的
accept,接受
access,使用权
accident,事故
accompany,陪伴
accomplish,完成
according,根据
account,帐户
accurate,准确的
accuse,指控
achieve,达到
achievement,成就
acid,酸
acknowledge,承认
acquire,获得
across,穿过
act,行为
action,行动
active,积极的
activist,活动家
activity,活动
actor,演员
actress,演员
actual,实际的
actually,实际上
ad,广告
adapt,适应
add,添加
addition,添加
additional,额外的
address,地址
adequate,足够的
adjust,调整
adjustment,调整
administration,行政
administrator,行政人员
admire,钦佩
admission,入场
admit,承认
adolescent,青少年
adopt,采纳
adult,成人
advance,进步
advanced,先进的
advantage,优势
adventure,冒险
advertising,广告
advice,建议
advise,建议
adviser,顾问
advocate,提倡
affair,事务
affect,影响
afford,买得起
afraid,害怕
African,非洲人
African-American,非裔美国人
after,后
afternoon,下午
again,再次
against,反对
age,年龄
agency,机构
agenda,议程
agent,代理人
aggressive,挑衅的
ago,前
agree,同意
agreement,协议
agricultural,农业
ah,啊
ahead,先
aid,援助
aide,助手
AIDS,艾滋病
aim,目标
air,空气
aircraft,飞机
airline,航空公司
airport,飞机场
album,专辑
alcohol,酒精
alive,活
all,全部
alliance,联盟
allow,允许
ally,盟国
almost,几乎
alone,独自的
along,沿着
already,已经
also,还
alter,改变
alternative,选择
although,虽然
always,总是
AM,是
amazing,惊人
American,美国人
among,之中
amount,数量
analysis,分析
analyst,分析师
analyze,分析
ancient,古老的
and,和
anger,愤怒
angle,角度
angry,生气的
animal,动物
anniversary,周年纪念日
announce,宣布
annual,年度的
another,其他
answer,回答
anticipate,预料
anxiety,焦虑
any,任何
anybody,任何人
anymore,再过了
anyone,任何人
anything,任何事物
anyway,反正
anywhere,任何地方
apart,除外
apartment,公寓
apparent,显而易见
apparently,显然
appeal,上诉
appear,出现
appearance,外貌
apple,苹果
application,应用
apply,申请
appoint,委
appointment,预约
appreciate,欣赏
approach,方法
appropriate,合适的
approval,赞同
approve,批准
approximately,大约
Arab,阿拉伯
architect,建筑师
area,区域
argue,争论
argument,争论
arise,出现
arm,手臂
armed,武装
army,军队
around,大约
arrange,安排
arrangement,安排
arrest,逮捕
arrival,到达
arrive,到达
art,艺术
article,文章
artist,艺术家
artistic,艺术的
as,作为
Asian,亚洲
aside,在旁边
ask,问
asleep,睡着了
aspect,方面
assault,突击
assert,断言
assess,评估
assessment,评估
asset,资产
assign,分配
assignment,任务
assist,助攻
assistance,协助
assistant,助手
associate,联系
association,协会
assume,认为
assumption,假设
assure,保证
at,在
athlete,运动员
athletic,运动
atmosphere,气氛
attach,附
attack,攻击
attempt,试图
attend,参加
attention,注意力
attitude,态度
attorney,律师
attract,吸引
attractive,吸引人的
attribute,属性
audience,观众
author,作者
authority,权威
auto,汽车
available,可用的
average,平均
avoid,避免
award,奖
aware,知道的
awareness,意识
away,离开
awful,可怕
baby,婴儿
back,背部
background,背景
bad,坏的
badly,糟糕
bag,包
bake,烤
balance,平衡
ball,球
ban,禁止
band,乐队
bank,银行
bar,酒吧
barely,仅仅
barrel,桶
barrier,障碍
base,根据
baseball,棒球
basic,基本的
basically,基本上
basis,基础
basket,篮子
basketball,篮球
bathroom,浴室
battery,电池
battle,战斗
be,是
beach,海滩
bean,豆
bear,熊
beat,打
beautiful,美丽的
beauty,美丽
because,因为
become,变得
bed,床
bedroom,卧室
beer,啤酒
before,前
begin,开始
beginning,开始
behavior,行为
behind,在后面
being,存在
belief,信仰
believe,相信
bell,钟
belong,属于
below,以下
belt,腰带
bench,长椅
bend,弯曲
beneath,下面
benefit,益处
beside,旁
besides,除了
best,最好的
bet,赌注
better,更好的
between,之间
beyond,超过
Bible,圣经
big,大的
bike,自行车
bill,账单
billion,十亿
bind,绑定
biological,生物
bird,鸟
birth,出生
birthday,生日
bit,少量
bite,咬
black,黑色的
blade,刀
blame,责备
blanket,毯子
blind,瞎的
block,堵塞
blood,血液
blow,吹
blue,蓝色的
board,木板
boat,船
body,身体
bomb,炸弹
bombing,轰炸
bond,纽带
bone,骨
book,书
boom,繁荣
boot,引导
border,边界
born,出生
borrow,借
boss,老板
both,两个都
bother,打扰
bottle,瓶子
bottom,底部
boundary,边界
bowl,碗
box,盒子
boy,男生
boyfriend,男朋友
brain,脑
branch,分支
brand,牌
bread,面包
break,休息
breakfast,早餐
breast,胸部
breath,呼吸
breathe,呼吸
brick,砖
bridge,桥
brief,简短的
briefly,简要地
bright,明亮的
brilliant,杰出的
bring,带来
British,英国
broad,广阔
broken,破碎的
brother,兄弟
brown,棕色的
brush,刷子
buck,巴克
budget,预算
build,建造
building,建造
bullet,子弹
bunch,束
burden,负担
burn,烧伤
bury,埋葬
bus,公共汽车
business,商业
busy,忙碌的
but,但
butter,牛油
button,按钮
buy,买
buyer,买方
by,经过
cabin,舱
cabinet,内阁
cable,电缆
cake,蛋糕
calculate,计算
call,称呼
camera,相机
camp,营
campaign,活动
campus,校园
can,能够
Canadian,加拿大
cancer,癌症
candidate,候选人
cap,帽
capability,能力
capable,有能力的
capacity,容量
capital,首都
captain,队长
capture,捕获
car,车
carbon,碳
card,卡片
care,关心
career,职业
careful,小心
carefully,小心
carrier,载体
carry,携带
case,案子
cash,现金
cast,投掷
cat,猫
catch,抓住
category,类别
Catholic,天主教徒
cause,原因
ceiling,天花板
celebrate,庆祝
celebration,庆典
celebrity,名人
cell,细胞
center,中央
central,中央
century,世纪
CEO,首席执行官
ceremony,仪式
certain,肯定
certainly,当然
chain,链
chair,椅子
chairman,主席
challenge,挑战
chamber,腔室
champion,冠军
championship,锦标赛
chance,机会
change,改变
changing,更改
channel,渠道
chapter,章节
character,特点
characteristic,特征
characterize,特征
charge,收费
charity,慈善机构
chart,图表
chase,追赶
cheap,便宜的
check,查看
cheek,脸颊
cheese,起司
chef,厨师
chemical,化学
chest,胸部
chicken,鸡
chief,首席
child,孩子
childhood,童年
Chinese,中国人
chip,芯片
chocolate,巧克力
choice,选择
cholesterol,胆固醇
choose,选择
Christian,基督教
Christmas,圣诞节
church,教会
cigarette,香烟
circle,圆圈
circumstance,环境
cite,引用
citizen,公民
city,城市
civil,民事
civilian,平民
claim,宣称
class,班级
classic,经典的
classroom,课堂
clean,干净的
clear,清除
clearly,清楚地
client,客户
climate,气候
climb,爬
clinic,诊所
clinical,临床
clock,钟
close,关
closely,密切
closer,靠近
clothes,衣服
clothing,衣服
cloud,云
club,俱乐部
clue,线索
cluster,簇
coach,教练
coal,煤炭
coalition,联盟
coast,海岸
coat,外套
code,代码
coffee,咖啡
cognitive,认知的
cold,寒冷的
collapse,坍塌
colleague,同事
collect,搜集
collection,收藏
collective,集体
college,大学
colonial,殖民
color,颜色
column,柱子
combination,组合
combine,结合
come,来
comedy,喜剧
comfort,舒适
comfortable,舒服的
command,命令
commander,指挥官
comment,评论
commercial,商业的
commission,委员会
commit,犯罪
commitment,承诺
committee,委员会
common,常见的
communicate,交流
communication,沟通
community,社区
company,公司
compare,相比
comparison,比较
compete,竞争
competition,竞赛
competitive,竞争的
competitor,竞争者
complain,投诉
complaint,抱怨
complete,完全的
completely,完全地
complex,复杂的
complicated,复杂
component,零件
compose,撰写
composition,作品
comprehensive,综合的
computer,计算机
concentrate,集中
concentration,专注
concept,概念
concern,关心
concerned,担心的
concert,音乐会
conclude,得出结论
conclusion,结论
concrete,具体的
condition,（健康）状况
conduct,执行
conference,会议
confidence,信心
confident,自信的
confirm,确认
conflict,冲突
confront,面对
confusion,混乱
Congress,国会
congressional,国会
connect,连接
connection,联系
consciousness,意识
consensus,共识
consequence,结果
conservative,保守的
consider,考虑
considerable,大量
consideration,考虑
consist,组成
consistent,持续的
constant,持续的
constantly,不断地
constitute,构成
constitutional,宪法
construct,构造
construction,建造
consultant,顾问
consume,消耗
consumer,消费者
consumption,消耗
contact,接触
contain,包含
container,容器
contemporary,当代的
content,内容
contest,比赛
context,语境
continue,继续
continued,继续
contract,合同
contrast,对比
contribute,贡献
contribution,贡献
control,控制
controversial,有争议的
controversy,争议
convention,惯例
conventional,传统的
conversation,对话
convert,兑换
conviction,定罪
convince,说服
cook,厨师
cookie,曲奇饼
cooking,烹饪
cool,凉爽的
cooperation,合作
cop,警察
cope,应付
copy,复制
core,核
corn,玉米
corner,角落
corporate,公司的
corporation,公司
correct,正确的
correspondent,通讯员
cost,成本
cotton,棉布
couch,长椅
could,可以
council,理事会
counselor,顾问
count,数数
counter,柜台
country,国家
county,县
couple,夫妻
courage,勇气
course,课程
court,法庭
cousin,表哥
cover,覆盖
coverage,覆盖范围
cow,奶牛
crack,裂缝
craft,工艺
crash,碰撞
crazy,疯狂的
cream,奶油
create,创造
creation,创建
creative,有创造力的
creature,生物
credit,信用
crew,全体人员
crime,犯罪
criminal,刑事
crisis,危机
criteria,标准
critic,评论家
critical,批判的
criticism,批评
criticize,批评
crop,庄稼
cross,叉
crowd,人群
crucial,至关重要的
cry,哭
cultural,文化
culture,文化
cup,杯子
curious,好奇的
current,当前的
currently,目前
curriculum,课程
custom,风俗
customer,顾客
cut,切
cycle,循环
dad,爸爸
daily,日常的
damage,损害
dance,舞蹈
danger,危险
dangerous,危险的
dare,敢
dark,黑暗的
darkness,黑暗
data,数据
date,日期
daughter,女儿
day,天
dead,死的
deal,交易
dealer,经销商
dear,亲
death,死亡
debate,辩论
debt,债务
decade,十年
decide,决定
decision,决定
deck,甲板
declare,宣布
decline,衰退
decrease,减少
deep,深的
deeply,深
deer,鹿
defeat,打败
defend,防守
defendant,被告
defense,防御
defensive,防御性
deficit,赤字
define,定义
definitely,确实
definition,定义
degree,程度
delay,延迟
deliver,递送
delivery,送货
demand,要求
democracy,民主
Democrat,民主党人
democratic,民主
demonstrate,证明
demonstration,示范
deny,否定
department,部
depend,依靠
dependent,依赖
depending,取决于
depict,描绘
depression,沮丧
depth,深度
deputy,副
derive,派生
describe,描述
description,描述
desert,沙漠
deserve,应得
design,设计
designer,设计师
desire,欲望
desk,桌子
desperate,绝望的
despite,尽管
destroy,破坏
destruction,破坏
detail,细节
detailed,详细的
detect,探测
determine,决定
develop,开发
developing,发展
development,发展
device,设备
devote,奉献
dialogue,对话
die,死
diet,饮食
differ,不同
difference,区别
different,不同的
differently,不同
difficult,难的
difficulty,困难
dig,挖
digital,数字的
dimension,方面
dining,用餐
dinner,晚餐
direct,直接的
direction,方向
directly,直接地
director,导向器
dirt,污垢
dirty,肮脏的
disability,失能
disagree,不同意
disappear,消失
disaster,灾难
discipline,纪律
discourse,话语
discover,发现
discovery,发现
discrimination,歧视
discuss,讨论
discussion,讨论
disease,疾病
dish,盘子
dismiss,解雇
disorder,紊乱
display,展示
dispute,争议
distance,距离
distant,遥远
distinct,清楚的
distinction,区别
distinguish,区分
distribute,分发
distribution,分配
district,区
diverse,各种各样的
diversity,多样性
divide,划分
division,分配
divorce,离婚
DNA,脱氧核糖核酸
do,做
doctor,医生
document,文档
dog,狗
domestic,国内的
dominant,主导的
dominate,支配
door,门
double,双倍的
doubt,怀疑
down,下
downtown,市中心
dozen,打
draft,草稿
drag,拖
drama,戏剧
dramatic,戏剧性
dramatically,急剧
draw,画
drawing,绘画
dream,梦
dress,裙子
drink,喝
drive,驾驶
driver,司机
drop,降低
drug,药品
dry,干燥
due,到期的
during,期间
dust,灰尘
duty,责任
each,每个
eager,渴望的
ear,耳朵
early,早期的
earn,赚
earnings,收益
earth,地球
ease,舒适
easily,容易地
east,东
eastern,东
easy,简单的
eat,吃
economic,经济的
economics,经济学
economist,经济学家
economy,经济
edge,边缘
edition,版
editor,编辑
educate,教育
education,教育
educational,教育
educator,教育家
effect,影响
effective,有效的
effectively,有效
efficiency,效率
efficient,高效的
effort,努力
egg,蛋
eight,八
either,任何一个
elderly,老年
elect,选
election,选举
electric,电的
electricity,电
electronic,电子的
element,元素
elementary,初级
eliminate,排除
elite,精英
else,别的
elsewhere,别处
e-mail,电子邮件
embrace,拥抱
emerge,出现
emergency,紧急情况
emission,排放
emotion,感情
emotional,情绪化
emphasis,强调
emphasize,强调
employ,采用
employee,员工
employer,雇主
employment,就业
empty,空的
enable,使能够
encounter,遇到
encourage,鼓励
end,结尾
enemy,敌人
energy,活力
enforcement,执法
engage,从事
engine,引擎
engineer,工程师
engineering,工程
English,英语
enhance,提高
enjoy,请享用
enormous,巨大的
enough,足够的
ensure,确保
enter,进入
enterprise,企业
entertainment,娱乐
entire,全部的
entirely,完全
entrance,入口
entry,入口
environment,环境
environmental,环境的
episode,插曲
equal,平等的
equally,一样
equipment,设备
era,时代
error,错误
escape,逃脱
especially,尤其
essay,散文
essential,基本的
essentially,本质上
establish,建立
establishment,建立
estate,财产
estimate,估计
etc,ETC
ethics,伦理
ethnic,种族的
European,欧洲的
evaluate,评估
evaluation,评估
even,甚至
evening,晚上
event,事件
eventually,最终
ever,曾经
every,每一个
everybody,大家
everyday,每天
everyone,每个人
everything,一切
everywhere,到处
evidence,证据
evolution,进化
evolve,发展
exact,精确的
exactly,确切地
examination,考试
examine,检查
example,例子
exceed,超出
excellent,出色的
except,除了
exception,例外
exchange,交换
exciting,令人兴奋
executive,行政人员
exercise,锻炼
exhibit,展示
exhibition,展览
exist,存在
existence,存在
existing,现存的
expand,扩张
expansion,扩张
expect,预计
expectation,期待
expense,费用
expensive,昂贵的
experience,经验
experiment,实验
expert,专家
explain,解释
explanation,解释
explode,爆炸
explore,探索
explosion,爆炸
expose,暴露
exposure,暴露
express,表示
expression,表达
extend,延长
extension,扩大
extensive,广泛的
extent,程度
external,外部的
extra,额外的
extraordinary,非凡的
extreme,极端
extremely,极其
eye,眼睛
fabric,织物
face,脸
facility,设施
fact,事实
factor,因素
factory,工厂
faculty,学院
fade,褪色
fail,失败
failure,失败
fair,公平的
fairly,相当
faith,信仰
fall,落下
FALSE,错误的
familiar,熟悉的
family,家庭
famous,著名的
fan,扇子
fantasy,幻想
far,远的
farm,农场
farmer,农民
fashion,时尚
fast,快速地
fat,胖的
fate,命运
father,父亲
fault,过错
favor,恩宠
favorite,最喜欢的
fear,恐惧
feature,特征
federal,联邦
fee,费用
feed,喂养
feel,感觉
feeling,感觉
fellow,家伙
female,女性
fence,栅栏
few,很少
fewer,更少
fiber,纤维
fiction,小说
field,场地
fifteen,十五
fifth,第五
fifty,五十
fight,斗争
fighter,战斗机
fighting,斗争
figure,数字
file,文件
fill,充满
film,电影
final,最后
finally,最后
finance,金融
financial,金融
find,寻找
finding,发现
fine,美好的
finger,手指
finish,结束
fire,火
firm,公司
first,第一的
fish,鱼
fishing,钓鱼
fit,合身
fitness,健康
five,五
fix,使固定
flag,旗帜
flame,火焰
flat,平坦的
flavor,味道
flee,逃跑
flesh,肉
flight,航班
float,漂浮
floor,地面
flow,流动
flower,花
fly,飞
focus,重点
folk,民间
follow,跟随
following,下列的
food,食物
foot,脚
football,足球
for,为了
force,力量
foreign,外国的
forest,森林
forever,永远
forget,忘记
form,形式
formal,正式的
formation,形成
former,以前的
formula,公式
forth,向前
fortune,财富
forward,向前
found,成立
foundation,基础
founder,创始人
four,四个
fourth,第四
frame,框架
framework,框架
free,自由的
freedom,自由
freeze,冻结
French,法语
frequency,频率
frequent,频繁
frequently,频繁地
fresh,新鲜的
friend,朋友
friendly,友谊赛
friendship,友谊
from,从
front,正面
fruit,水果
frustration,挫折
fuel,汽油
full,满的
fully,完全
fun,乐趣
function,功能
fund,基金
fundamental,基本的
funding,资金
funeral,葬礼
funny,有趣的
furniture,家具
furthermore,此外
future,未来
gain,获得
galaxy,星系
gallery,画廊
game,游戏
gang,帮派
gap,差距
garage,车库
garden,花园
garlic,大蒜
gas,气体
gate,门
gather,收集
gay,同性恋
gaze,注视
gear,齿轮
gender,性别
gene,基因
general,一般的
generally,一般来说
generate,产生
generation,一代
genetic,遗传
gentleman,绅士
gently,轻轻
German,德语
gesture,手势
get,得到
ghost,鬼
giant,巨大的
gift,礼物
gifted,天才
girl,女孩
girlfriend,女朋友
give,给
given,给出
glad,高兴的
glance,一眼
glass,玻璃
global,全球的
glove,手套
go,去
goal,目标
God,上帝
gold,金子
golden,金的
golf,高尔夫球
good,好的
government,政府
governor,州长
grab,抓住
grade,年级
gradually,逐步地
graduate,毕业
grain,粮食
grand,盛大
grandfather,祖父
grandmother,祖母
grant,授予
grass,草
grave,墓穴
gray,灰色的
great,伟大的
greatest,最伟大
green,绿色
grocery,杂货店
ground,地面
group,团体
grow,生长
growing,生长
growth,生长
guarantee,保证
guard,警卫
guess,猜测
guest,来宾
guide,指导
guideline,指南
guilty,有罪的
gun,枪
guy,伙计
habit,习惯
habitat,栖息地
hair,头发
half,一半
hall,大厅
hand,手
handful,少量
handle,处理
hang,悬挂
happen,发生
happy,快乐的
hard,难的
hardly,几乎不
hat,帽子
hate,恨
have,有
he,他
head,头
headline,标题
headquarters,总部
health,健康
healthy,健康
hear,听到
hearing,听力
heart,心
heat,热
heaven,天堂
heavily,沉重
heavy,重的
heel,脚跟
height,高度
helicopter,直升机
hell,地狱
hello,你好
help,帮助
helpful,有帮助
her,她
here,这里
heritage,遗产
hero,英雄
herself,她自己
hey,嘿
hi,你好
hide,隐藏
high,高的
highlight,强调
highly,高度
highway,高速公路
hill,爬坡道
him,他
himself,他自己
hip,时髦的
hire,聘请
his,他的
historian,历史学家
historic,历史性
historical,历史
history,历史
hit,打
hold,抓住
hole,洞
holiday,假期
holy,圣
home,家
homeless,无家可归
honest,诚实的
honey,蜂蜜
honor,荣誉
hope,希望
horizon,地平线
horror,恐怖
horse,马
hospital,医院
host,主持人
hot,热的
hotel,酒店
hour,小时
house,屋
household,家庭
housing,住房
how,如何
however,然而
huge,巨大的
human,人类
humor,幽默
hundred,百
hungry,饥饿的
hunter,猎人
hunting,打猎
hurt,伤害
husband,丈夫
hypothesis,假设
I,我
ice,冰
idea,主意
ideal,理想的
identification,鉴别
identify,确认
identity,身份
ie,IE
if,如果
ignore,忽视
ill,患病的
illegal,非法的
illness,疾病
illustrate,阐明
image,图片
imagination,想像力
imagine,想象
immediate,即时
immediately,立即地
immigrant,移民
immigration,移民
impact,影响
implement,实施
implication,含义
imply,意味着
importance,重要性
important,重要的
impose,强加
impossible,不可能的
impress,印象深刻
impression,印象
impressive,感人的
improve,提升
improvement,改进
in,在
incentive,激励
incident,事件
include,包括
including,包含
income,收入
incorporate,包含
increase,增加
increased,增加
increasing,增加
increasingly,日益
incredible,极好的
indeed,的确
independence,独立
independent,独立的
index,指数
Indian,印度人
indicate,表明
indication,指示
individual,个人
industrial,工业的
industry,行业
infant,婴儿
infection,感染
inflation,通货膨胀
influence,影响
inform,通知
information,信息
ingredient,成分
initial,最初的
initially,最初
initiative,倡议
injury,受伤
inner,内
innocent,清白的
inquiry,询问
inside,里面
insight,洞察力
insist,坚持
inspire,启发
install,安装
instance,实例
instead,反而
institution,机构
institutional,机构
instruction,操作说明
instructor,讲师
instrument,乐器
insurance,保险
intellectual,知识分子
intelligence,智力
intend,打算
intense,激烈的
intensity,强度
intention,意图
interaction,相互作用
interest,兴趣
interested,感兴趣的
interesting,有趣的
internal,内部的
international,国际的
Internet,互联网
interpret,解释
interpretation,解释
intervention,干涉
interview,面试
into,进入
introduce,介绍
introduction,介绍
invasion,入侵
invest,投资
investigate,调查
investigation,调查
investigator,研究者
investment,投资
investor,投资者
invite,邀请
involve,涉及
involved,涉及
involvement,参与
Iraqi,伊拉克
Irish,爱尔兰人
iron,铁
Islamic,伊斯兰
island,岛
Israeli,以色列
issue,问题
it,它
Italian,意大利人
item,物品
its,它的
itself,本身
jacket,夹克
jail,监狱
Japanese,日本人
jet,喷射
Jew,犹
Jewish,犹太人
job,工作
join,加入
joint,联合的
joke,玩笑
journal,杂志
journalist,记者
journey,旅行
joy,喜悦
judge,法官
judgment,判断
juice,果汁
jump,跳
junior,初级
jury,陪审团
just,只是
justice,正义
justify,证明合法
keep,保持
key,钥匙
kick,踢
kid,孩子
kill,杀
killer,杀手
killing,杀人
kind,种类
king,王
kiss,吻
kitchen,厨房
knee,膝盖
knife,刀
knock,敲
know,知道
knowledge,知识
lab,实验室
label,标签
labor,劳动
laboratory,实验室
lack,缺少
lady,淑女
lake,湖
land,土地
landscape,景观
language,语
lap,圈
large,大的
largely,大部分
last,最后的
late,晚的
later,之后
Latin,拉丁
latter,后者
laugh,笑
launch,发射
law,法律
lawn,草地
lawsuit,诉讼
lawyer,律师
lay,放置
layer,层
lead,带领
leader,领导者
leadership,领导
leading,领导
leaf,叶子
league,联盟
lean,倾斜
learn,学
learning,学习
least,至少
leather,皮革
leave,离开
left,剩下
leg,腿
legacy,遗产
legal,合法的
legend,传奇
legislation,立法
legitimate,合法的
lemon,柠檬
length,长度
less,较少的
lesson,课
let,让
letter,信
level,等级
liberal,自由主义的
library,图书馆
license,执照
lie,说谎
life,生活
lifestyle,生活方式
lifetime,寿命
lift,电梯
light,光
like,喜欢
likely,可能
limit,限制
limitation,局限性
limited,有限的
line,线
link,关联
lip,唇
list,列表
listen,听
literally,字面上地
literary,文学
literature,文学
little,小的
live,居住
living,活的
load,加载
loan,贷款
local,当地的
locate,定位
location,地点
lock,锁
long,长
long-term,长期
look,看
loose,松动的
lose,失去
loss,失利
lost,丢失的
lot,很多
lots,很多
loud,大声
love,爱
lovely,迷人的
lover,情人
low,低的
lower,降低
luck,运气
lucky,幸运的
lunch,午餐
lung,肺
machine,机器
mad,疯狂的
magazine,杂志
mail,邮件
main,主要的
mainly,主要是
maintain,维持
maintenance,维护
major,重大的
majority,多数
make,制作
maker,制作者
makeup,化妆品
male,男性
mall,购物中心
man,男人
manage,管理
management,管理
manager,经理
manner,方式
manufacturer,制造商
manufacturing,制造业
many,许多
map,地图
margin,利润
mark,标记
market,市场
marketing,营销
marriage,婚姻
married,已婚
marry,结婚
mask,面具
mass,大量的
massive,大量的
master,掌握
match,匹配
material,材料
math,数学
matter,事情
may,可能
maybe,也许
mayor,市长
me,我
meal,一顿饭
mean,意思是
meaning,意义
meanwhile,同时
measure,措施
measurement,测量
meat,肉
mechanism,机制
media,媒体
medical,医疗的
medication,药物
medicine,药物
medium,中等的
meet,遇见
meeting,会议
member,成员
membership,会员资格
memory,记忆
mental,精神的
mention,提到
menu,菜单
mere,仅仅
merely,仅仅
mess,混乱
message,信息
metal,金属
meter,仪表
method,方法
Mexican,墨西哥
middle,中间
might,可能
military,军队
milk,牛奶
million,百万
mind,头脑
mine,矿
minister,部长
minor,次要的
minority,少数民族
minute,分钟
miracle,奇迹
mirror,镜子
miss,错过
missile,导弹
mission,使命
mistake,错误
mix,混合
mixture,混合物
mm-hmm,mm嗯
mode,模式
model,模型
moderate,缓和
modern,现代的
modest,谦虚的
mom,妈妈
moment,片刻
money,钱
monitor,监视器
month,月
mood,情绪
moon,月亮
moral,道德
more,更多的
moreover,而且
morning,早晨
mortgage,抵押
most,最多
mostly,大多
mother,母亲
motion,运动
motivation,动机
motor,马达
mount,山
mountain,山
mouse,鼠
mouth,嘴
move,移动
movement,移动
movie,电影
Mr,先生
Mrs,太太
Ms,小姐
much,很多
multiple,多
murder,谋杀
muscle,肌肉
museum,博物馆
music,音乐
musical,音乐
musician,音乐家
Muslim,穆斯林
must,必须
mutual,相互的
my,我的
myself,我
mystery,神秘
myth,神话
naked,裸
name,姓名
narrative,叙述
narrow,狭窄
nation,国家
national,国民
native,本国的
natural,自然
naturally,自然
nature,自然
near,靠近
nearby,附近
nearly,几乎
necessarily,一定
necessary,必要的
neck,脖子
need,需要
negative,消极的
negotiate,谈判
negotiation,谈判
neighbor,邻居
neighborhood,邻里
neither,两者都不
nerve,神经
nervous,紧张的
net,网
network,网络
never,绝不
nevertheless,尽管如此
new,新的
newly,新
news,消息
newspaper,报纸
next,下一个
nice,好的
night,夜晚
nine,九
no,不
nobody,没有人
nod,点头
noise,噪音
nomination,提名
none,没有任何
nonetheless,尽管如此
nor,也不
normal,普通的
normally,一般
north,北
northern,北方
nose,鼻子
not,不是
note,笔记
nothing,没有什么
notice,注意
notion,概念
novel,小说
now,现在
nowhere,无处
n't,不
nuclear,核
number,数字
numerous,很多的
nurse,护士
nut,坚果
object,目的
objective,客观的
obligation,义务
observation,观察
observe,观察
observer,观察者
obtain,获得
obvious,明显的
obviously,明显地
occasion,场合
occasionally,偶尔
occupation,职业
occupy,占据
occur,发生
ocean,海洋
odd,奇怪的
odds,赔率
of,的
off,离开
offense,罪行
offensive,进攻
offer,提供
office,办公室
officer,官
official,官方的
often,经常
oh,哦
oil,油
ok,好的
okay,好的
old,老的
Olympic,奥林匹克
on,上
once,一次
one,一
ongoing,正在进行
onion,洋葱
online,在线的
only,只要
onto,上
open,打开
opening,开场
operate,操作
operating,操作
operation,手术
operator,操作员
opinion,观点
opponent,对手
opportunity,机会
oppose,反对
opposite,对面的
opposition,反对
option,选项
or,或者
orange,橙
order,命令
ordinary,普通的
organic,有机的
organization,组织
organize,组织
orientation,方向
origin,起源
original,原来的
originally,起初
other,其他
others,其他
otherwise,否则
ought,应该
our,我们的
ourselves,我们自己
out,出去
outcome,结果
outside,外部
oven,烤箱
over,超过
overall,全面的
overcome,克服
overlook,俯瞰
owe,欠
own,自己的
owner,所有者
pace,步伐
pack,盒
package,包裹
page,页
pain,疼痛
painful,痛苦
paint,画
painter,画家
painting,绘画
pair,一对
pale,苍白
Palestinian,巴勒斯坦
palm,棕榈
pan,平底锅
panel,控制板
pant,喘气
paper,纸
parent,父母
park,公园
parking,停車處
part,部分
participant,参与者
participate,参加
participation,参与
particular,特定
particularly,特别
partly,部分地
partner,伙伴
partnership,合伙
party,派对
pass,经过
passage,通道
passenger,乘客
passion,热情
past,过去的
patch,修补
path,小路
patient,病人
pattern,图案
pause,暂停
pay,支付
payment,支付
PC,个人电脑
peace,和平
peak,顶峰
peer,同行
penalty,惩罚
people,人们
pepper,胡椒
per,每
perceive,感知
percentage,百分比
perception,洞察力
perfect,完美的
perfectly,完美
perform,履行
performance,表现
perhaps,也许
period,时期
permanent,永恒的
permission,允许
permit,允许
person,人
personal,个人的
personality,性格
personally,亲自
personnel,人员
perspective,看法
persuade,说服
pet,宠物
phase,阶段
phenomenon,现象
philosophy,哲学
phone,电话
photo,照片
photograph,照片
photographer,摄影师
phrase,短语
physical,身体的
physically,身体上
physician,医师
piano,钢琴
pick,挑选
picture,图片
pie,馅饼
piece,片
pile,桩
pilot,飞行员
pine,松树
pink,粉色的
pipe,管道
pitch,沥青
place,地方
plan,计划
plane,飞机
planet,行星
planning,规划
plant,植物
plastic,塑料
plate,盘子
platform,平台
play,玩
player,球员
please,请
pleasure,乐趣
plenty,很多
plot,阴谋
plus,加
PM,下午
pocket,口袋
poem,诗
poet,诗人
poetry,诗歌
point,观点
pole,极
police,警察
policy,政策
political,政治的
politically,政治上
politician,政治家
politics,政治
poll,轮询
pollution,污染
pool,水池
poor,较差的
pop,流行音乐
popular,受欢迎的
population,人口
porch,门廊
port,港口
portion,部分
portrait,肖像
portray,写真
pose,姿势
position,位置
positive,积极的
possess,具有
possibility,可能性
possible,可能的
possibly,可能
post,邮政
pot,锅
potato,土豆
potential,潜在的
potentially,可能
pound,磅
pour,倒
poverty,贫困
powder,粉末
power,力量
powerful,强大的
practical,实际的
practice,实践
pray,祈祷
prayer,祷告
precisely,恰恰
predict,预测
prefer,更喜欢
preference,偏爱
pregnancy,怀孕
pregnant,孕
preparation,准备
prepare,准备
prescription,处方
presence,在场
present,当下
presentation,介绍
preserve,保存
president,总统
presidential,总统
press,按
pressure,压力
pretend,假装
pretty,漂亮的
prevent,防止
previous,以前的
previously,之前
price,价格
pride,自豪
priest,牧师
primarily,主要是
primary,基本的
prime,主要
principal,主要的
principle,原则
print,打印
prior,事先的
priority,优先
prison,监狱
prisoner,囚犯
privacy,隐私
private,私人的
probably,大概
problem,问题
procedure,程序
proceed,继续
process,过程
produce,生产
producer,制作人
product,产品
production,生产
profession,职业
professional,专业的
professor,教授
profile,轮廓
profit,利润
program,程序
progress,进步
project,项目
prominent,著名的
promise,承诺
promote,推动
prompt,迅速的
proof,证明
proper,恰当的
properly,适当地
property,财产
proportion,部分
proposal,提议
propose,提出
proposed,建议的
prosecutor,检察官
prospect,展望
protect,保护
protection,保护
protein,蛋白质
protest,抗议
proud,自豪的
prove,证明
provide,提供
provider,提供者
province,省
provision,条款
psychological,心理
psychologist,心理学家
psychology,心理学
public,上市
publication,出版物
publicly,公开
publish,发布
publisher,出版商
pull,拉
punishment,惩罚
purchase,购买
pure,纯的
purpose,目的
pursue,追求
push,推
put,放
qualify,资格
quality,质量
quarter,四分之一
quarterback,四分卫
question,问题
quick,快的
quickly,迅速地
quiet,安静的
quietly,悄悄
quit,退出
quite,相当
quote,引用
race,种族
racial,种族
radical,激进的
radio,收音机
rail,轨
rain,雨
raise,增加
range,范围
rank,秩
rapid,迅速的
rapidly,迅速
rare,稀有的
rarely,很少
rate,速度
rather,相当
rating,评分
ratio,比率
raw,生的
reach,抵达
react,反应
reaction,反应
read,读
reader,读者
reading,阅读
ready,准备好
real,真实的
reality,现实
realize,意识到
really,真的
reason,原因
reasonable,合理的
recall,记起
receive,收到
recent,最近的
recently,最近
recipe,食谱
recognition,认出
recognize,认出
recommend,推荐
recommendation,推荐
record,记录
recording,记录
recover,恢复
recovery,恢复
recruit,招募
red,红色的
reduce,减少
reduction,减少
refer,参考
reference,参考
reflect,反映
reflection,反射
reform,改革
refugee,难民
refuse,拒绝
regard,看待
regarding,关于
regardless,不管
regime,政权
region,地区
regional,区域
register,登记
regular,常规的
regularly,经常
regulate,调节
regulation,规定
reinforce,加强
reject,拒绝
relate,涉及
relation,关系
relationship,关系
relative,相对的
relatively,相对地
relax,放松
release,发布
relevant,相关的
relief,宽慰
religion,宗教
religious,宗教
rely,依靠
remain,保持
remaining,其余的
remarkable,卓越
remember,记住
remind,提醒
remote,偏僻的
remove,消除
repeat,重复
repeatedly,反复
replace,代替
reply,回复
report,报告
reporter,记者
represent,代表
representation,表示
representative,代表
Republican,共和党人
reputation,名声
request,要求
require,要求
requirement,要求
research,研究
researcher,研究员
resemble,类似
reservation,预订
resident,居民
resist,抵抗
resistance,反抗
resolution,解析度
resolve,解决
resort,采取
resource,资源
respect,尊重
respond,回应
respondent,受访者
response,回复
responsibility,责任
responsible,负责任的
rest,休息
restaurant,餐厅
restore,恢复
restriction,限制
result,结果
retain,保持
retire,退休
retirement,退休
return,返回
reveal,揭示
revenue,收入
review,审查
revolution,革命
rhythm,韵律
rice,白饭
rich,富有的
rid,骑
ride,骑
rifle,步枪
right,正确的
ring,戒指
rise,上升
risk,风险
river,河
road,路
rock,岩石
role,角色
roll,卷
romantic,浪漫的
roof,屋顶
room,房间
root,根
rope,绳索
rose,玫瑰
rough,粗糙的
roughly,大致
round,圆形的
route,路线
routine,常规
row,排
rub,擦
rule,规则
run,跑
running,跑步
rural,乡村的
rush,匆忙
Russian,俄语
sacred,神圣
sad,伤心
safe,安全的
safety,安全
sake,清酒
salad,沙拉
salary,薪水
sale,销售
sales,销售量
salt,盐
same,相同的
sample,样本
sanction,制裁
sand,沙
satellite,卫星
satisfaction,满意
satisfy,满足
sauce,酱
save,节省
saving,保存
say,说
scale,规模
scandal,丑闻
scared,害怕的
scenario,设想
scene,场景
schedule,日程
scheme,方案
scholar,学者
scholarship,奖学金
school,学校
science,科学
scientific,科学
scientist,科学家
scope,范围
score,分数
scream,尖叫
screen,屏幕
script,脚本
sea,海
search,搜索
season,季节
seat,座位
second,第二
secret,秘密
secretary,秘书
section,部分
sector,部门
secure,安全的
security,安全
see,看
seed,种子
seek,寻找
seem,似乎
segment,部分
seize,抢占
select,选择
selection,选择
self,自己
sell,卖
Senate,参议院
senator,参议员
send,发送
senior,高级的
sense,感觉
sensitive,敏感的
sentence,句子
separate,分离
sequence,序列
series,系列
serious,严肃的
seriously,严重地
serve,服务
service,服务
session,会议
set,放
setting,环境
settle,定居
settlement,沉降
seven,七
several,一些
severe,严重的
sex,性别
sexual,性
shade,阴影
shadow,阴影
shake,摇
shall,将
shape,形状
share,分享
sharp,锋利的
she,她
sheet,床单
shelf,架子
shell,壳
shelter,庇护所
shift,转移
shine,闪耀
ship,船
shirt,衬衫
shit,拉屎
shock,震惊
shoe,鞋子
shoot,射击
shooting,射击
shop,店铺
shopping,购物
shore,支撑
short,短的
shortly,不久
shot,射击
should,应该
shoulder,肩膀
shout,喊
show,节目
shower,淋浴
shrug,耸耸肩
shut,关闭
sick,生病的
side,边
sigh,叹
sight,视线
sign,符号
signal,信号
significance,意义
significant,重要的
significantly,显著地
silence,安静
silent,沉默的
silver,银
similar,相似的
similarly,相似地
simple,简单的
simply,简单地
sin,罪
since,自从
sing,唱歌
singer,歌手
single,单身的
sink,下沉
sir,先生
sister,姐姐
sit,坐
site,地点
situation,情况
six,六
size,尺寸
ski,滑雪
skill,技能
skin,皮肤
sky,天空
slave,奴隶
sleep,睡觉
slice,片
slide,滑动
slight,轻微
slightly,轻微地
slip,滑
slow,减缓
slowly,慢慢地
small,小的
smart,聪明的
smell,闻
smile,微笑
smoke,抽烟
smooth,光滑的
snap,折断
snow,雪
so,所以
so-called,所谓的
soccer,足球
social,社会的
society,社会
soft,柔软的
software,软件
soil,土壤
solar,太阳的
soldier,士兵
solid,坚硬的
solution,解决方案
solve,解决
some,一些
somebody,有人
somehow,不知何故
someone,有人
something,某物
sometimes,有时
somewhat,有些
somewhere,某处
son,儿子
song,歌曲
soon,很快
sophisticated,复杂的
sorry,对不起
sort,种类
soul,灵魂
sound,声音
soup,汤
source,资源
south,南
southern,南方
Soviet,苏联
space,空间
Spanish,西班牙语
speak,说话
speaker,扬声器
special,特别的
specialist,专家
species,物种
specific,具体的
specifically,具体来说
speech,演讲
speed,速度
spend,花费
spending,开支
spin,旋转
spirit,精神
spiritual,精神
split,分裂
spokesman,发言人
sport,运动
spot,点
spread,传播
spring,春天
square,正方形
squeeze,挤
stability,稳定
stable,稳定的
staff,职员
stage,阶段
stair,楼梯
stake,赌注
stand,站立
standard,标准
standing,常设
star,星星
stare,盯
start,开始
state,状态
statement,陈述
station,车站
statistics,统计数据
status,地位
stay,停留
steady,稳定的
steal,偷
steel,钢
step,步
stick,戳
still,仍然
stir,搅拌
stock,股票
stomach,胃
stone,结石
stop,停止
storage,贮存
store,店铺
storm,风暴
story,故事
straight,直的
strange,奇怪的
stranger,陌生人
strategic,战略
strategy,战略
stream,溪流
street,街道
strength,力量
strengthen,加强
stress,压力
stretch,拉紧
strike,罢工
string,细绳
strip,跳闸
stroke,中风
strong,强的
strongly,强烈
structure,结构体
struggle,斗争
student,学生
studio,工作室
study,学习
stuff,东西
stupid,愚蠢的
style,风格
subject,主题
submit,提交
subsequent,随后的
substance,物质
substantial,重大的
succeed,成功
success,成功
successful,成功的
successfully,成功地
such,这样的
sudden,突然
suddenly,突然
sue,起诉
suffer,遭受
sufficient,充足的
sugar,糖
suggest,建议
suggestion,建议
suicide,自杀
suit,套装
summer,夏天
summit,首脑
sun,太阳
super,极好的
supply,供应
support,支持
supporter,支持者
suppose,认为
supposed,应该
Supreme,最高
sure,当然
surely,一定
surface,表面
surgery,手术
surprise,惊喜
surprised,惊讶
surprising,奇怪
surprisingly,出奇
surround,环绕
survey,民意调查
survival,生存
survive,存活
survivor,幸存者
suspect,嫌疑犯
sustain,支持
swear,发誓
sweep,扫
sweet,甜的
swim,游泳
swing,摇摆
switch,转变
symbol,象征
symptom,症状
system,系统
table,桌子
tablespoon,汤匙
tactic,战术
tail,尾巴
take,拿
tale,故事
talent,天赋
talk,讲话
tall,高
tank,坦克
tap,轻敲
tape,胶带
target,目标
task,任务
taste,品尝
tax,税
taxpayer,纳税人
tea,茶
teach,教
teacher,老师
teaching,教学
team,团队
tear,眼泪
teaspoon,茶匙
technical,技术的
technique,技术
technology,技术
teen,青少年
teenager,青少年
telephone,电话
telescope,望远镜
television,电视
tell,告诉
temperature,温度
temporary,暂时的
ten,十
tend,趋向
tendency,趋势
tennis,网球
tension,紧张
tent,帐篷
term,学期
terms,术语
terrible,糟糕的
territory,领土
terror,恐怖
terrorism,恐怖主义
terrorist,恐怖分子
test,测试
testify,作证
testimony,见证
testing,测试
text,文本
than,比
thank,感谢
thanks,谢谢
that,那
the,这
theater,剧院
their,他们的
them,他们
theme,主题
themselves,他们自己
then,然后
theory,理论
therapy,治疗
there,那里
therefore,所以
these,这些
they,他们
thick,厚的
thin,薄的
thing,事物
think,思考
thinking,思维
third,第三
thirty,三十
this,这个
those,那些
though,尽管
thought,想法
thousand,千
threat,威胁
threaten,威胁
three,三
throat,喉
through,通过
throughout,始终
throw,扔
thus,因此
ticket,票
tie,领带
tight,紧的
time,时间
tiny,微小的
tip,小费
tire,胎
tired,疲劳的
tissue,组织
title,标题
to,至
tobacco,烟草
today,今天
toe,脚趾
together,一起
tomato,番茄
tomorrow,明天
tone,语气
tongue,舌头
tonight,今晚
too,也
tool,工具
tooth,齿
top,最佳
topic,话题
toss,折腾
total,全部的
totally,完全
touch,触碰
tough,艰难的
tour,旅游
tourist,游客
tournament,比赛
toward,走向
towards,向
tower,塔
town,镇
toy,玩具
trace,痕迹
track,追踪
trade,贸易
tradition,传统
traditional,传统的
traffic,交通
tragedy,悲剧
trail,踪迹
train,火车
training,训练
transfer,转移
transform,转换
transformation,转型
transition,过渡
translate,翻译
transportation,运输
travel,旅行
treat,对待
treatment,治疗
treaty,条约
tree,树
tremendous,巨大的
trend,趋势
trial,审判
tribe,部落
trick,诡计
trip,旅行
troop,部队
trouble,麻烦
truck,卡车
TRUE,真的
truly,真的
trust,相信
truth,真相
try,尝试
tube,管子
tunnel,隧道
turn,转动
TV,电视
twelve,十二
twenty,二十
twice,两次
twin,双胞胎
two,二
type,类型
typical,典型的
typically,通常
ugly,丑陋的
ultimate,最终的
ultimately,最终
unable,无法
uncle,叔叔
under,在下面
undergo,经历
understand,理解
understanding,理解
unfortunately,很遗憾
uniform,制服
union,联盟
unique,独特的
unit,单元
United,团结的
universal,普遍的
universe,宇宙
university,大学
unknown,未知
unless,除非
unlike,与众不同
unlikely,不太可能
until,直到
unusual,异常
up,向上
upon,之上
upper,上
urban,城市的
urge,敦促
us,我们
use,利用
used,用过的
useful,有用
user,用户
usual,通常
usually,通常
utility,效用
vacation,假期
valley,谷
valuable,有价值的
value,价值
variable,多变的
variation,变化
variety,种类
various,各种各样的
vary,各不相同
vast,广阔的
vegetable,蔬菜
vehicle,车辆
venture,冒险
version,版本
versus,相对
very,非常
vessel,血管
veteran,老将
via,通过
victim,受害者
victory,胜利
video,视频
view,看法
viewer,观众
village,村庄
violate,违反
violation,违反
violence,暴力
violent,暴力
virtually,几乎
virtue,美德
virus,病毒
visible,可见的
vision,想象
visit,访问
visitor,游客
visual,视觉的
vital,重要
voice,嗓音
volume,体积
volunteer,志愿者
vote,投票
voter,选民
vs,vs
vulnerable,易受伤害的
wage,工资
wait,等待
wake,唤醒
walk,走
wall,墙
wander,漫步
want,想
war,战争
warm,温暖的
warn,警告
warning,警告
wash,洗
waste,浪费
watch,手表
water,水
wave,海浪
way,方法
we,我们
weak,虚弱的
wealth,财富
wealthy,富裕
weapon,武器
wear,穿
weather,天气
wedding,婚礼
week,星期
weekend,周末
weekly,每周
weigh,称重
weight,重量
welcome,欢迎
welfare,福利
well,出色地
west,西方
western,西
wet,弄湿
what,什么
whatever,任何
wheel,车轮
when,什么时候
whenever,每当
where,在哪里
whereas,然而
whether,无论
which,哪个
while,尽管
whisper,耳语
white,白色的
who,谁
whole,所有的
whom,谁
whose,谁的
why,为什么
wide,宽的
widely,广泛
widespread,广泛
wife,妻子
wild,荒野
will,将要
willing,愿意的
win,赢
wind,风
window,窗户
wine,葡萄酒
wing,翅膀
winner,优胜者
winter,冬天
wipe,擦拭
wire,金属丝
wisdom,智慧
wise,明智的
wish,希望
with,和
withdraw,提取
within,内
without,没有
witness,见证
woman,女士
wonder,想知道
wonderful,精彩的
wood,木头
wooden,木制的
word,单词
work,工作
worker,工人
working,在职的
works,作品
workshop,作坊
world,世界
worried,担心
worry,担心
worth,值得
would,将
wound,伤口
wrap,裹
write,写
writer,作家
writing,写作
wrong,错误的
yard,院子
yeah,是的
year,年
yell,叫喊
yellow,黄色
yes,是的
yesterday,昨天
yet,然而
yield,屈服
you,你
young,年轻的
your,您的
yours,你的
yourself,你自己
youth,青年
zone,区